<?xml version="1.0" encoding="UTF-8"?>
    <addon id="repository.4Acewizard" name="4Acewizard" version="1.0" provider-name="FSPM">
        <requires>
            <import addon="xbmc.addon" version="12.0.0"/>
        </requires>
        <extension point="xbmc.addon.repository" name="4Acewizard Addons">
            <info compressed="false">https://fspm.xyz/__4Acewizard/addons.xml</info>
            <checksum>https://fspm.xyz/__4Acewizard/addons.xml.md5</checksum>
            <datadir zip="true">https://fspm.xyz/__4Acewizard/</datadir>
            <hashes>false</hashes>
        </extension>
        <extension point="xbmc.addon.metadata">
            <summary>4Acewizard addon repo</summary>
            <description>4Acewizard addon repo to in the best and update addons from 4Acewizard.</description>
            <platform>all</platform>
				<assets>

			<icon>icon.gif</icon>

			<fanart>fanart.gif</fanart>

		</assets>
  </extension>
    </extension>
</addon>